Sr. No.,NPCI Operated Systems,F.Y-2014-15,,F.Y-2015-16,,Apr'16,,May'16,,June'16,,July'16,,August'16,,September'16,,October'16,,November'16,,December'16,,January'17,,February'17,,March'17,,F.Y-2016-17,,Apr'17,,May'17,,Jun'17,,Jul'17,,Aug'17,,Sep'17,,Oct'17,,Nov'17,,Dec'17,,Jan'18,,Feb'18,,Mar'18,,F.Y-2017-18 (Apr'17 to Mar'18),,Apr'18,,May'18,,June'18,,July'18,,Aug'18,,Sep'18,,Oct'18,,Nov'18,,Dec'18,,Jan'19,,Feb'19,,Mar'19,,F.Y-2018-19,,Apr'19,,May'19,,Jun'19,,Jul'19,,Aug'19,,Sep'19,,Oct'19,,Nov'19,,Dec'19,,Jan'20,,Feb'20,,Mar'20,,F.Y-2019-20,,Apr'20,,May'20,,Jun'20,,Jul'20,,Aug'20,,Sep'20,,Oct'20,,Nov'20,,Dec'20,,Jan'21,,Feb'21,,Mar'21,,F.Y-2020-21,,Apr'21,,May'21,,Jun'21,,Jul'21,,Aug'21,,Sep'21,,Oct'21,,Nov'21,,Dec'21,,F.Y-2021-22,
,Financial Txns:,Volume (in Mn),Value (in Bn),Volume (in Mn),Value (in Bn),Volume (in Mn),Value (in Bn),Volume (in Mn),Value (in Bn),Volume (in Mn),Value (in Bn),Volume (in Mn),Value (in Bn),Volume (in Mn),Value (in Bn),Volume (in Mn),Value (in Bn),Volume (in Mn),Value (in Bn),Volume (in Mn),Value (in Bn),Volume (in Mn),Value (in Bn),Volume (in Mn),Value (in Bn),Volume (in Mn),Value (in Bn),Volume (in Mn),Value (in Bn),Volume (in Mn),Value (in Bn),Volume (in Mn),Value (in Bn),Volume (in Mn),Value (in Bn),Volume (in Mn),Value (in Bn),Volume (in Mn),Value (in Bn),Volume (in Mn),Value (in Bn),Volume (in Mn),Value (in Bn),Volume (in Mn),Value (in Bn),Volume (in Mn),Value (in Bn),Volume (in Mn),Value (in Bn),Volume (in Mn),Value (in Bn),Volume (in Mn),Value (in Bn),Volume (in Mn),Value (in Bn),Volume (in Mn),Value (in Bn),Volume (in Mn),Value (in Bn),Volume (in Mn),Value (in Bn),Volume (in Mn),Value (in Bn),Volume (in Mn),Value (in Bn),Volume (in Mn),Value (in Bn),Volume (in Mn),Value (in Bn),Volume (in Mn),Value (in Bn),Volume (in Mn),Value (in Bn),Volume (in Mn),Value (in Bn),Volume (in Mn),Value (in Bn),Volume (in Mn),Value (in Bn),Volume (in Mn),Value (in Bn),Volume (in Mn),Value (in Bn),Volume (in Mn),Value (in Bn),Volume (in Mn),Value (in Bn),Volume (in Mn),Value (in Bn),Volume (in Mn),Value (in Bn),Volume (in Mn),Value (in Bn),Volume (in Mn),Value (in Bn),Volume (in Mn),Value (in Bn),Volume (in Mn),Value (in Bn),Volume (in Mn),Value (in Bn),Volume (in Mn),Value (in Bn),Volume (in Mn),Value (in Bn),Volume (in Mn),Value (in Bn),Volume (in Mn),Value (in Bn),Volume (in Mn),Value (in Bn),Volume (in Mn),Value (in Bn),Volume (in Mn),Value (in Bn),Volume (in Mn),Value (in Bn),Volume (in Mn),Value (in Bn),Volume (in Mn),Value (in Bn),Volume (in Mn),Value (in Bn),Volume (in Mn),Value (in Bn),Volume (in Mn),Value (in Bn),Volume (in Mn),Value (in Bn),Volume (in Mn),Value (in Bn),Volume (in Mn),Value (in Bn),Volume (in Mn),Value (in Bn),Volume (in Mn),Value (in Bn),Volume (in Mn),Value (in Bn),Volume (in Mn),Value (in Bn),Volume (in Mn),Value (in Bn),Volume (in Mn),Value (in Bn),Volume (in Mn),Value (in Bn),Volume (in Mn),Value (in Bn),Volume (in Mn),Value (in Bn),Volume (in Mn),Value (in Bn),Volume (in Mn),Value (in Bn)
1,NFS - National Financial Switch," 2,374.30 "," 8,311.67 "," 2,837.01 "," 9,993.22 ", 260.33 , 954.10 , 265.68 , 955.18 , 260.99 , 944.82 , 268.31 , 960.13 , 269.70 , 948.48 , 267.24 , 955.19 , 295.15 ," 1,103.79 ", 228.14 , 572.57 , 259.94 , 484.20 , 267.70 , 854.80 , 253.41 , 999.65 , 273.59 ," 1,085.49 "," 3,170.18 "," 10,818.39 ", 265.19 ," 1,071.15 ", 270.31 ," 1,073.50 ", 268.50 ," 1,062.34 ", 275.06 ," 1,022.59 ", 281.81 ," 1,037.82 ", 289.17 ," 1,079.94 ", 300.94 ," 1,150.79 ", 295.65 ," 1,100.12 ", 316.24 ," 1,185.43 ", 310.55 ," 1,163.62 ", 300.47 ," 1,150.09 ", 329.58 ," 1,260.09 "," 3,503.44 "," 13,357.49 ", 325.57 ," 1,291.08 ", 325.22 ," 1,270.22 ", 324.99 ," 1,281.22 ", 329.34 ," 1,230.99 ", 338.27 ," 1,260.59 ", 332.00 ," 1,218.19 ", 358.75 ," 1,330.15 ", 342.40 ," 1,299.49 ", 349.11 ," 1,287.33 ", 323.35 ," 1,190.36 ", 312.64 ," 1,158.39 ", 355.78 ," 1,307.61 "," 4,017.42 "," 15,125.64 ", 344.96 ," 1,308.39 ", 359.40 ," 1,367.56 ", 350.30 ," 1,321.01 ", 355.55 ," 1,292.80 ", 363.03 ," 1,333.54 ", 350.21 ," 1,276.79 ", 387.50 ," 1,488.53 ", 358.37 ," 1,331.79 ", 373.87 ," 1,374.94 ", 380.57 ," 1,420.15 ", 366.64 ," 1,392.81 ", 321.24 ," 1,243.08 "," 4,311.62 "," 16,151.40 ", 181.51 , 683.89 , 255.45 ," 1,025.83 ", 290.39 ," 1,186.89 ", 283.94 ," 1,177.60 ", 297.67 ," 1,217.38 ", 306.50 ," 1,243.41 ", 340.10 ," 1,412.45 ", 341.59 ," 1,434.97 ", 344.69 ," 1,418.79 ", 345.41 ," 1,409.37 ", 321.95 ," 1,322.46 ", 352.47 ," 1,454.97 "," 3,661.67 "," 14,988.02 ", 308.34 ," 1,314.74 ", 250.29 ," 1,073.80 ", 280.08 ," 1,183.78 ", 312.46 ," 1,287.41 ", 330.91 ," 1,327.83 ", 319.84 ," 1,294.47 ", 350.88 ," 1,464.72 ", 332.84 ," 1,392.28 ", 341.16 ," 1,407.79 "," 2,826.80 "," 11,746.80 "
1.1,NFS - ATM Cash Withdrawal *," 2,374.30 "," 8,311.67 "," 2,837.01 "," 9,993.22 ", 260.33 , 954.10 , 265.68 , 955.18 , 260.99 , 944.82 , 268.31 , 960.13 , 269.70 , 948.48 , 267.24 , 955.19 , 295.15 ," 1,103.79 ", 228.14 , 572.57 , 259.94 , 484.20 , 267.70 , 854.80 , 253.41 , 999.65 , 273.59 ," 1,085.49 "," 3,170.18 "," 10,818.39 ", 265.19 ," 1,071.15 ", 270.31 ," 1,073.50 ", 268.50 ," 1,062.34 ", 275.06 ," 1,022.59 ", 281.81 ," 1,037.82 ", 289.17 ," 1,079.94 ", 300.94 ," 1,150.79 ", 295.65 ," 1,100.12 ", 316.24 ," 1,185.43 ", 310.55 ," 1,163.62 ", 300.47 ," 1,150.09 ", 329.58 ," 1,260.09 "," 3,503.44 "," 13,357.49 ", 325.57 ," 1,291.08 ", 325.22 ," 1,270.22 ", 324.99 ," 1,281.22 ", 329.34 ," 1,230.99 ", 338.27 ," 1,260.59 ", 332.00 ," 1,218.19 ", 358.75 ," 1,330.15 ", 342.40 ," 1,299.49 ", 349.11 ," 1,287.33 ", 323.35 ," 1,190.36 ", 312.64 ," 1,158.39 ", 355.78 ," 1,307.61 "," 4,017.41 "," 15,125.62 ", 344.96 ," 1,308.39 ", 359.39 ," 1,367.56 ", 350.30 ," 1,321.00 ", 355.55 ," 1,292.80 ", 363.03 ," 1,333.53 ", 350.21 ," 1,276.79 ", 387.50 ," 1,488.53 ", 358.37 ," 1,331.78 ", 373.86 ," 1,374.93 ", 380.56 ," 1,420.12 ", 366.63 ," 1,392.70 ", 321.22 ," 1,242.86 "," 4,311.59 "," 16,150.98 ", 181.50 , 683.71 , 255.44 ," 1,025.63 ", 290.37 ," 1,186.62 ", 283.90 ," 1,177.24 ", 297.62 ," 1,216.92 ", 306.45 ," 1,242.86 ", 340.03 ," 1,411.59 ", 341.52 ," 1,434.22 ", 344.60 ," 1,417.79 ", 345.31 ," 1,408.29 ", 321.85 ," 1,321.38 ", 352.35 ," 1,453.58 "," 3,660.95 "," 14,979.84 ", 308.24 ," 1,313.45 ", 250.20 ," 1,072.70 ", 279.97 ," 1,182.67 ", 312.34 ," 1,286.11 ", 330.78 ," 1,326.37 ", 319.70 ," 1,292.98 ", 350.73 ," 1,463.05 ", 332.69 ," 1,390.70 ", 340.99 ," 1,406.08 "," 2,825.63 "," 11,734.12 "
1.2,NFS - Cash deposit transactions, -   , -   , -   , -   ,,,,,,,,,,,,,,,,,,,,,,,,, -   , -   ,,,,,,,,,,,,,,,,,,,,,,,,, 0.00 , 0.00 ,,,,,,,,,,,,,,,,,,,,,,,,, 0.01 , 0.02 , 0.00 , 0.00 , 0.00 , 0.00 , 0.00 , 0.00 , 0.00 , 0.00 , 0.00 , 0.00 , 0.00 , 0.01 , 0.00 , 0.01 , 0.00 , 0.01 , 0.00 , 0.01 , 0.00 , 0.03 , 0.01 , 0.11 , 0.01 , 0.22 , 0.03 , 0.42 , 0.01 , 0.18 , 0.02 , 0.20 , 0.02 , 0.27 , 0.04 , 0.36 , 0.04 , 0.46 , 0.05 , 0.55 , 0.07 , 0.86 , 0.07 , 0.75 , 0.09 , 1.00 , 0.09 , 1.08 , 0.10 , 1.08 , 0.11 , 1.39 , 0.72 , 8.18 , 0.10 , 1.30 , 0.09 , 1.09 , 0.10 , 1.11 , 0.12 , 1.29 , 0.13 , 1.46 , 0.14 , 1.49 , 0.15 , 1.66 , 0.15 , 1.58 , 0.17 , 1.71 , 1.16 , 12.68 
2,NACH- National Automated Clearing House, 324.63 ," 1,196.97 "," 1,392.79 "," 3,715.09 ", 168.34 , 544.54 , 154.36 , 530.34 , 160.25 , 516.61 , 182.71 , 588.96 , 147.23 , 575.48 , 150.86 , 543.15 , 162.96 , 718.92 , 152.43 , 606.20 , 198.34 , 624.44 , 158.18 , 538.55 , 150.26 , 591.30 , 182.12 , 829.37 ," 1,968.03 "," 7,207.84 ", 212.63 , 905.15 , 194.26 , 691.82 , 196.92 , 730.73 , 204.28 , 771.99 , 204.70 , 750.84 , 175.96 , 629.48 , 187.04 , 902.49 , 197.50 , 858.38 , 191.06 , 716.74 , 208.10 , 731.80 , 198.34 , 851.13 , 204.56 ," 1,212.33 "," 2,375.33 "," 9,752.88 ", 250.17 ," 1,127.86 ", 224.82 , 866.39 , 222.59 , 999.36 , 242.09 ," 1,012.21 ", 246.32 ," 1,009.70 ", 220.62 , 934.25 , 233.53 ," 1,278.89 ", 232.48 ," 1,309.10 ", 232.85 ," 1,089.91 ", 229.45 ," 1,083.02 ", 249.86 ," 1,179.29 ", 276.61 ," 1,493.61 "," 2,861.38 "," 13,383.60 ", 322.43 ," 1,404.15 ", 261.50 ," 1,579.68 ", 252.13 ," 1,195.73 ", 257.93 ," 1,305.45 ", 285.10 ," 1,339.60 ", 263.60 ," 1,273.78 ", 334.62 ," 1,823.09 ", 258.96 ," 1,506.16 ", 255.77 ," 1,385.19 ", 345.25 ," 1,460.57 ", 269.26 ," 1,425.92 ", 295.21 ," 1,930.67 "," 3,401.77 "," 17,629.99 ", 530.53 ," 1,435.50 ", 252.34 ," 1,811.41 ", 309.76 ," 1,663.30 ", 266.40 ," 1,524.47 ", 340.83 ," 1,372.37 ", 271.57 ," 1,267.78 ", 245.55 ," 1,495.14 ", 253.87 ," 1,536.55 ", 325.27 ," 1,820.08 ", 283.11 ," 1,599.75 ", 213.40 ," 1,146.56 ", 333.57 ," 2,359.85 "," 3,626.20 "," 19,032.78 ", 253.66 ," 1,625.89 ", 372.26 ," 1,943.78 ", 317.23 ," 1,596.61 ", 262.15 ," 1,495.97 ", 336.81 ," 1,697.44 ", 253.33 ," 1,591.21 ", 342.35 ," 1,934.61 ", 311.23 ," 1,709.14 ", 320.09 ," 1,925.10 "," 2,769.12 "," 15,519.73 "
2.1,APBS Credit (Disbursement based on UIDAI No.), 168.43 , 61.43 , 717.46 , 185.98 , 72.31 , 19.40 , 66.62 , 16.59 , 72.47 , 18.46 , 78.05 , 21.70 , 74.68 , 42.87 , 75.35 , 13.57 , 81.27 , 13.29 , 78.12 , 16.76 , 90.51 , 22.75 , 86.46 , 24.05 , 81.19 , 27.15 , 92.25 , 50.04 , 949.28 , 286.63 , 109.80 , 60.74 , 108.15 , 49.79 , 106.76 , 44.14 , 114.50 , 45.56 , 110.94 , 41.13 , 93.15 , 28.39 , 105.65 , 40.23 , 111.78 , 49.18 , 113.75 , 53.77 , 120.31 , 55.73 , 101.48 , 45.72 , 101.90 , 45.24 ," 1,298.18 ", 559.65 , 137.16 , 85.31 , 120.85 , 52.07 , 117.80 , 70.03 , 126.58 , 68.06 , 128.31 , 73.08 , 108.53 , 64.11 , 119.11 , 72.13 , 125.05 , 95.33 , 129.05 , 76.13 , 125.54 , 54.14 , 127.06 , 72.16 , 129.85 , 79.71 ," 1,494.90 ", 862.26 , 168.20 , 139.03 , 144.15 , 83.16 , 134.47 , 82.41 , 122.05 , 71.00 , 141.68 , 69.06 , 121.82 , 51.81 , 154.88 , 103.58 , 136.13 , 68.83 , 136.68 , 59.85 , 150.88 , 94.05 , 139.81 , 88.69 , 124.37 , 79.27 ," 1,675.12 ", 990.73 , 230.92 , 189.68 , 115.20 , 142.22 , 136.95 , 117.44 , 117.91 , 89.44 , 119.20 , 82.73 , 105.39 , 61.97 , 95.88 , 55.07 , 92.47 , 43.82 , 101.35 , 81.32 , 121.93 , 84.43 , 83.18 , 47.37 , 112.29 , 110.14 ," 1,432.69 "," 1,105.64 ", 96.76 , 53.49 , 133.45 , 162.01 , 114.48 , 81.24 , 97.70 , 73.36 , 72.15 , 103.71 , 78.03 , 61.73 , 119.04 , 75.45 , 111.77 , 97.16 , 108.06 , 148.83 , 931.43 , 857.00 
2.2,ACH Debit, 3.33 , 57.80 , 24.28 , 503.77 , 3.80 , 71.13 , 4.39 , 79.80 , 4.99 , 95.97 , 5.61 , 103.16 , 6.20 , 105.04 , 6.78 , 110.37 , 7.42 , 134.74 , 8.32 , 149.01 , 9.10 , 153.07 , 9.90 , 150.67 , 10.51 , 162.56 , 11.38 , 164.33 , 88.39 ," 1,479.84 ", 12.16 , 165.97 , 13.11 , 181.19 , 13.99 , 195.15 , 15.07 , 199.75 , 15.87 , 212.15 , 16.74 , 217.18 , 17.83 , 237.06 , 18.79 , 248.37 , 20.10 , 260.67 , 21.40 , 285.07 , 22.46 , 280.47 , 23.53 , 305.99 , 211.05 ," 2,789.01 ", 24.26 , 301.80 , 25.92 , 315.78 , 26.61 , 331.64 , 27.72 , 336.44 , 29.28 , 352.55 , 37.01 , 399.85 , 38.72 , 427.65 , 39.54 , 437.20 , 41.47 , 471.98 , 42.72 , 471.81 , 43.38 , 462.04 , 44.40 , 485.84 , 421.03 ," 4,794.58 ", 45.73 , 487.44 , 46.60 , 495.50 , 47.68 , 493.87 , 50.00 , 513.68 , 52.02 , 509.76 , 51.88 , 509.66 , 51.59 , 522.27 , 52.23 , 527.92 , 53.15 , 541.71 , 53.61 , 551.08 , 54.10 , 550.13 , 52.38 , 550.23 , 610.95 ," 6,253.26 ", 41.36 , 353.51 , 40.72 , 354.00 , 43.10 , 436.41 , 46.53 , 456.46 , 47.26 , 453.26 , 50.73 , 532.31 , 50.81 , 535.24 , 51.74 , 540.16 , 52.03 , 577.67 , 53.52 , 573.70 , 49.50 , 493.39 , 61.89 , 623.75 , 589.19 ," 5,929.86 ", 56.32 , 567.27 , 54.97 , 564.81 , 55.79 , 601.14 , 57.73 , 613.03 , 58.76 , 620.68 , 59.97 , 626.75 , 59.52 , 641.54 , 62.40 , 646.76 , 65.68 , 683.47 , 531.17 ," 5,565.45 "
2.3,ACH Credit, 80.83 , 52.32 , 508.24 , 879.17 , 74.53 , 297.90 , 66.31 , 295.46 , 65.69 , 262.83 , 82.14 , 327.09 , 49.48 , 291.45 , 52.12 , 286.49 , 58.04 , 440.90 , 49.33 , 310.63 , 81.98 , 319.64 , 45.68 , 238.74 , 43.03 , 280.08 , 62.41 , 493.03 , 730.73 ," 3,844.25 ", 75.58 , 563.86 , 58.03 , 347.30 , 61.51 , 380.92 , 60.37 , 419.30 , 64.01 , 394.28 , 52.36 , 284.08 , 50.20 , 527.12 , 53.77 , 465.47 , 44.35 , 310.11 , 53.91 , 301.39 , 62.14 , 439.79 , 67.04 , 776.81 , 703.27 ," 5,210.42 ", 78.20 , 662.02 , 66.44 , 420.25 , 67.00 , 520.97 , 77.03 , 533.22 , 78.34 , 513.47 , 72.63 , 451.87 , 73.76 , 767.69 , 66.21 , 765.34 , 61.82 , 537.59 , 60.81 , 554.71 , 79.12 , 643.23 , 102.07 , 926.37 , 883.43 ," 7,296.73 ", 108.27 , 776.15 , 70.52 , 999.67 , 69.81 , 618.27 , 85.79 , 719.96 , 91.40 , 760.78 , 89.91 , 712.30 , 128.14 ," 1,197.24 ", 70.61 , 909.41 , 65.95 , 783.62 , 140.76 , 815.32 , 75.34 , 786.60 , 118.46 ," 1,301.06 "," 1,114.96 "," 10,380.40 ", 258.23 , 891.41 , 96.41 ," 1,314.72 ", 129.69 ," 1,108.96 ", 101.95 , 978.06 , 174.35 , 835.83 , 115.44 , 672.96 , 98.85 , 904.32 , 109.64 , 952.01 , 171.88 ," 1,160.54 ", 107.65 , 941.05 , 80.71 , 605.72 , 159.38 ," 1,625.81 "," 1,604.20 "," 11,991.37 ", 100.56 ," 1,004.16 ", 183.83 ," 1,216.43 ", 146.94 , 913.68 , 106.71 , 809.06 , 205.89 , 972.45 , 115.31 , 902.19 , 163.77 ," 1,217.08 ", 137.05 , 964.79 , 146.34 ," 1,092.77 "," 1,306.41 "," 9,092.61 "
2.4,NACH Credit, 72.04 ," 1,025.41 ", 115.17 ," 1,998.34 ", 1.47 , 27.05 , -   , -   , -   , -   , -   , -   , -   , -   , -   , -   , -   , -   , -   , -   , -   , -   , -   ,, -   , -   , -   , -   , 1.47 , 27.05 , -   , -   , -   , -   , -   , -   , -   , -   , -   , -   , -   , -   , -   , -   , -   , -   , -   , -   , -   , -   , -   , -   ,,, -   , -   , -   , -   , -   , -   , -   , -   , -   , -   , -   , -   , -   , -   , -   , -   , -   , -   , -   , -   , -   , -   , -   ,, -   ,, -   , -   , -   , -   , -   , -   , -   , -   , -   , -   , -   , -   , -   , -   , -   , -   , -   , -   , -   , -   , 0.00 , 0.11 , 0.01 , 0.50 , 0.00 , 0.11 , 0.01 , 0.72 , 0.02 , 0.90 , 0.01 , 0.47 , 0.01 , 0.49 , 0.01 , 0.52 , 0.01 , 0.55 , 0.01 , 0.55 , 0.01 , 0.52 , 0.02 , 0.57 , 0.01 , 0.55 , 0.01 , 0.57 , 0.01 , 0.08 , 0.00 , 0.16 , 0.12 , 5.92 , 0.02 , 0.96 , 0.01 , 0.52 , 0.01 , 0.54 , 0.01 , 0.51 , 0.02 , 0.59 , 0.01 , 0.54 , 0.01 , 0.54 , 0.02 , 0.43 , 0.00 , 0.03 , 0.10 , 4.67 
2.5,NACH Debit, -   , -   , 27.63 , 147.83 , 16.24 , 129.06 , 17.03 , 138.48 , 17.09 , 139.35 , 16.91 , 137.01 , 16.87 , 136.12 , 16.62 , 132.73 , 16.23 , 129.98 , 16.65 , 129.79 , 16.75 , 128.98 , 16.15 , 125.09 , 15.53 , 121.51 , 16.08 , 121.97 , 198.16 ," 1,570.08 ", 15.10 , 114.58 , 14.98 , 113.54 , 14.66 , 110.51 , 14.34 , 107.38 , 13.88 , 103.28 , 13.71 , 99.83 , 13.35 , 98.08 , 13.15 , 95.35 , 12.85 , 92.19 , 12.48 , 89.61 , 12.25 , 85.15 , 12.10 , 84.29 , 162.84 ," 1,193.80 ", 10.54 , 78.74 , 11.61 , 78.29 , 11.18 , 76.71 , 10.75 , 74.49 , 10.40 , 70.60 , 2.45 , 18.41 , 1.93 , 11.42 , 1.69 , 11.24 , 0.51 , 4.21 , 0.38 , 2.36 , 0.29 , 1.86 , 0.29 , 1.68 , 62.02 , 430.03 , 0.23 , 1.54 , 0.23 , 1.35 , 0.17 , 1.18 , 0.10 , 0.81 , -   , -   , -   , -   , -   , -   , -   , -   , -   , -   , -   , -   , -   , -   , -   , -   , 0.72 , 4.87 , -   , -   , -   , -   , -   , -   , -   , -   , -   , -   , -   , -   , -   , -   , -   , -   , -   , -   , -   , -   , -   , -   , -   , -   , -   , -   , -   , -   , -   , -   , -   , -   , -   , -   , -   , -   , -   , -   , -   , -   , -   , -   , -   , -   , -   , -   
3,CTS Cheque Clearing (Processed Volume), 926.00 ," 66,009.50 ", 919.80 ," 69,889.15 ", 78.95 ," 6,257.62 ", 77.24 ," 5,784.87 ", 78.64 ," 5,734.50 ", 79.24 ," 5,716.59 ", 81.62 ," 5,924.66 ", 78.94 ," 5,736.57 ", 82.04 ," 5,974.14 ", 87.08 ," 5,419.22 ", 130.01 ," 6,811.91 ", 118.45 ," 6,618.44 ", 100.44 ," 5,993.95 ", 119.21 ," 8,062.77 "," 1,111.86 "," 74,035.22 ", 95.26 ," 6,990.65 ", 97.08 ," 6,745.89 ", 91.85 ," 6,409.95 ", 92.20 ," 6,342.50 ", 92.05 ," 6,224.34 ", 92.16 ," 6,271.53 ", 94.44 ," 6,340.16 ", 96.30 ," 6,633.94 ", 94.57 ," 6,563.97 ", 96.71 ," 6,792.60 ", 91.82 ," 6,453.56 ", 103.62 ," 7,682.16 "," 1,138.06 "," 79,451.24 ", 90.93 ," 7,155.21 ", 95.25 ," 7,102.42 ", 96.39 ," 7,092.78 ", 94.19 ," 6,749.96 ", 93.42 ," 6,632.71 ", 87.28 ," 6,289.79 ", 97.80 ," 6,948.47 ", 85.67 ," 6,153.57 ", 92.11 ," 6,626.42 ", 93.60 ," 6,804.43 ", 86.27 ," 6,369.68 ", 99.16 ," 7,610.47 "," 1,112.07 "," 81,535.92 ", 89.36 ," 7,235.33 ", 91.77 ," 7,136.88 ", 83.65 ," 6,282.46 ", 93.43 ," 6,800.15 ", 87.55 ," 6,350.55 ", 82.65 ," 5,904.78 ", 89.69 ," 6,591.44 ", 83.25 ," 6,183.73 ", 86.44 ," 6,455.73 ", 88.64 ," 6,595.90 ", 88.45 ," 7,987.22 ", 71.00 ," 5,650.46 "," 1,035.89 "," 79,174.61 ", 17.66 ," 1,634.87 ", 30.65 ," 2,600.12 ", 49.64 ," 4,014.41 ", 51.32 ," 4,174.32 ", 51.97 ," 4,252.52 ", 61.26 ," 4,851.14 ", 64.24 ," 5,240.90 ", 59.64 ," 4,943.83 ", 71.94 ," 6,116.68 ", 65.70 ," 5,506.66 ", 63.61 ," 5,471.09 ", 80.66 ," 7,219.58 ", 668.28 ," 56,026.11 ", 55.78 ," 5,533.57 ", 36.75 ," 3,001.66 ", 51.14 ," 3,588.65 ", 59.61 ," 5,532.56 ", 58.86 ," 5,339.02 ", 62.41 ," 5,664.68 ", 62.40 ," 5,826.04 ", 57.70 ," 5,332.23 ", 66.03 ," 6,409.55 ", 510.69 ," 46,227.97 "
4,IMPS , 78.44 , 581.89 , 220.81 ," 1,622.29 ", 26.78 , 210.44 , 27.66 , 216.18 , 29.68 , 237.17 , 32.18 , 256.17 , 33.89 , 268.49 , 35.93 , 289.12 , 42.11 , 343.71 , 36.17 , 324.81 , 52.86 , 432.01 , 62.43 , 491.26 , 59.75 , 482.21 , 67.41 , 564.68 , 506.84 ," 4,116.24 ", 65.08 , 562.06 , 66.72 , 585.59 , 65.84 , 596.55 , 69.07 , 604.76 , 75.66 , 651.49 , 82.85 , 717.60 , 88.12 , 750.42 , 89.49 , 782.58 , 98.01 , 871.06 , 99.59 , 882.14 , 99.25 , 882.70 , 110.16 ," 1,038.04 "," 1,009.84 "," 8,924.98 ", 109.55 ," 1,022.40 ", 116.62 ," 1,085.75 ", 120.49 ," 1,130.12 ", 127.38 ," 1,171.67 ", 133.58 ," 1,237.34 ", 135.74 ," 1,256.40 ", 154.62 ," 1,403.07 ", 149.94 ," 1,347.57 ", 176.93 ," 1,468.99 ", 171.51 ," 1,522.97 ", 166.37 ," 1,493.43 ", 190.18 ," 1,762.89 "," 1,752.91 "," 15,902.57 ", 185.16 ," 1,693.48 ", 183.33 ," 1,804.56 ", 171.33 ," 1,730.19 ", 189.28 ," 1,820.21 ", 200.31 ," 1,891.13 ", 204.16 ," 1,837.47 ", 236.93 ," 2,126.60 ", 228.08 ," 2,029.04 ", 256.47 ," 2,109.34 ", 259.53 ," 2,168.11 ", 247.80 ," 2,145.66 ", 216.82 ," 2,019.62 "," 2,579.17 "," 23,375.41 ", 122.47 ," 1,211.41 ", 166.68 ," 1,694.02 ", 198.91 ," 2,069.51 ", 222.10 ," 2,257.75 ", 246.12 ," 2,351.37 ", 279.61 ," 2,486.62 ", 318.97 ," 2,746.45 ", 339.11 ," 2,764.59 ", 355.69 ," 2,923.24 ", 346.55 ," 2,885.37 ", 318.97 ," 2,752.29 ", 363.14 ," 3,272.34 "," 3,278.34 "," 29,414.96 ", 322.96 ," 2,995.27 ", 279.81 ," 2,662.41 ", 303.76 ," 2,840.33 ", 349.76 ," 3,090.54 ", 379.71 ," 3,202.03 ", 384.88 ," 3,240.94 ", 430.67 ," 3,707.12 ", 412.05 ," 3,646.80 ", 442.98 ," 3,964.11 "," 3,306.59 "," 29,349.57 "
5,RuPay Card usage at (POS), 5.25 , 10.76 , 25.41 , 44.74 , 3.83 , 6.07 , 4.47 , 6.48 , 5.04 , 6.74 , 5.28 , 7.60 , 5.10 , 8.10 , 5.16 , 7.95 , 6.22 , 11.97 , 18.16 , 30.06 , 47.27 , 70.05 , 38.73 , 57.97 , 27.88 , 40.12 , 28.09 , 36.86 , 195.22 , 289.95 , 27.51 , 38.39 , 30.46 , 38.96 , 30.01 , 38.47 , 30.13 , 33.17 , 33.68 , 34.85 , 37.27 , 36.08 , 42.77 , 44.44 , 44.05 , 40.21 , 47.32 , 44.79 , 42.48 , 45.94 , 42.80 , 42.92 , 51.06 , 50.02 , 459.55 , 488.23 , 57.49 , 58.64 , 66.87 , 59.72 , 71.18 , 60.97 , 75.06 , 61.32 , 49.90 , 63.42 , 53.05 , 60.23 , 60.39 , 72.35 , 54.48 , 75.50 , 51.27 , 73.93 , 50.28 , 73.86 , 48.62 , 68.73 , 56.43 , 79.57 , 695.02 , 808.23 , 58.12 , 87.68 , 61.01 , 92.99 , 60.76 , 87.23 , 64.64 , 87.15 , 68.04 , 89.99 , 67.41 , 86.93 , 78.01 , 116.00 , 72.17 , 98.43 , 77.83 , 104.70 , 80.35 , 110.85 , 74.40 , 103.07 , 59.85 , 81.80 , 822.59 ," 1,146.81 ", 21.52 , 28.50 , 36.91 , 59.07 , 48.81 , 81.29 , 49.41 , 80.39 , 55.83 , 91.04 , 59.78 , 94.74 , 67.60 , 114.47 , 71.51 , 129.09 , 72.18 , 120.44 , 73.36 , 123.01 , 68.20 , 114.52 , 76.88 , 132.81 , 701.99 ," 1,169.38 ", 62.34 , 112.89 , 42.04 , 75.43 , 54.22 , 93.35 , 69.04 , 117.43 , 74.59 , 128.01 , 73.02 , 121.43 , 83.14 , 151.42 , 76.66 , 140.56 , 81.84 , 143.95 , 616.88 ," 1,084.47 "
6,RuPay Card usage at (eCom), 0.85 , 0.51 , 10.24 , 5.76 , 2.78 , 1.27 , 3.43 , 1.54 , 3.65 , 1.88 , 4.31 , 2.18 , 5.02 , 2.45 , 5.20 , 2.57 , 5.58 , 3.06 , 7.30 , 4.97 , 11.97 , 10.95 , 12.55 , 10.53 , 11.45 , 8.42 , 14.32 , 9.53 , 87.56 , 59.34 , 14.28 , 10.03 , 14.00 , 10.31 , 13.51 , 10.42 , 14.50 , 11.16 , 15.89 , 12.13 , 15.51 , 13.33 , 17.21 , 14.51 , 17.57 , 14.04 , 18.78 , 15.60 , 21.64 , 17.89 , 21.45 , 17.46 , 23.76 , 19.20 , 208.11 , 166.09 , 25.55 , 20.31 , 28.51 , 24.18 , 27.40 , 24.96 , 31.27 , 30.34 , 30.99 , 27.44 , 33.76 , 27.80 , 37.29 , 32.90 , 36.92 , 31.81 , 41.17 , 34.48 , 43.27 , 36.07 , 41.87 , 33.86 , 54.08 , 42.76 , 432.06 , 366.90 , 56.46 , 44.52 , 50.89 , 44.07 , 51.36 , 46.36 , 53.51 , 53.11 , 52.99 , 48.93 , 54.41 , 51.45 , 54.57 , 52.78 , 53.68 , 48.51 , 56.17 , 52.62 , 60.08 , 56.44 , 57.16 , 55.96 , 56.86 , 55.65 , 658.13 , 610.40 , 51.01 , 42.01 , 54.24 , 55.31 , 52.12 , 60.50 , 57.68 , 71.95 , 59.61 , 76.17 , 62.32 , 80.06 , 65.95 , 87.53 , 56.34 , 79.59 , 56.88 , 87.27 , 56.11 , 91.64 , 51.51 , 89.07 , 55.89 , 105.62 , 679.68 , 926.72 , 53.89 , 110.85 , 54.68 , 101.63 , 51.90 , 69.68 , 57.01 , 81.61 , 60.59 , 85.64 , 64.24 , 82.37 , 64.03 , 83.31 , 51.43 , 69.95 , 56.52 , 74.28 , 514.29 , 759.32 
7,AEPS (Inter Bank) Txn over Micro ATM (e.g. Cash withdrawal/ Cash Deposit),,, 0.36 , 0.86 , 0.08 , 0.19 , 0.14 , 0.32 , 0.23 , 0.53 , 0.36 , 0.85 , 0.45 , 1.11 , 0.60 , 1.54 , 0.84 , 2.21 , 0.67 , 1.28 , 1.97 , 2.07 , 2.65 , 3.16 , 3.28 , 3.92 , 5.04 , 5.64 , 16.29 , 22.82 , 6.14 , 7.94 , 6.87 , 11.71 , 6.63 , 13.13 , 6.90 , 14.10 , 7.28 , 16.75 , 7.63 , 20.50 , 8.61 , 25.29 , 8.82 , 25.67 , 9.16 , 26.31 , 11.47 , 32.96 , 12.48 , 35.03 , 14.28 , 39.79 , 106.27 , 269.17 , 14.66 , 41.52 , 15.66 , 43.47 , 17.13 , 47.79 , 18.27 , 48.14 , 20.14 , 51.71 , 20.86 , 52.04 , 23.03 , 58.93 , 22.29 , 60.49 , 23.10 , 62.10 , 24.06 , 64.24 , 24.59 , 65.65 , 30.68 , 82.24 , 254.47 , 678.31 , 33.96 , 93.51 , 34.21 , 92.29 , 33.58 , 88.67 , 37.35 , 96.85 , 39.30 , 100.34 , 34.78 , 89.35 , 39.63 , 108.23 , 34.69 , 97.78 , 33.46 , 93.10 , 41.09 , 112.87 , 39.69 , 113.89 , 35.45 , 101.70 , 437.19 ," 1,188.58 ", 89.69 , 147.09 , 101.50 , 181.30 , 100.63 , 199.82 , 76.02 , 177.29 , 83.47 , 198.12 , 73.39 , 173.52 , 73.23 , 186.03 , 69.51 , 190.55 , 72.50 , 199.19 , 78.85 , 219.79 , 66.69 , 186.62 , 77.81 , 226.98 , 963.27 ," 2,286.29 ", 74.02 , 221.39 , 84.26 , 246.19 , 87.56 , 246.67 , 88.84 , 234.47 , 108.48 , 273.54 , 90.93 , 232.92 , 96.87 , 254.10 , 94.62 , 256.88 , 96.05 , 258.61 , 821.64 ," 2,224.77 "
8,BBPS (Bill Payment passing through BBPCU),,,,, -   , -   , -   , -   , -   , -   , -   , -   , 0.0001 , 0.00002 , 0.001 , 0.0003 , 0.001 , 0.0003 , 0.001 , 0.0002 , 0.001 , 0.0004 , 0.008 , 0.004 , 0.02 , 0.01 , 0.03 , 0.02 , 0.03 , 0.04 , 0.04 , 0.03 , 0.10 , 0.06 , 0.17 , 0.15 , 0.36 , 0.26 , 1.17 , 0.56 , 1.69 , 0.65 , 1.81 , 0.73 , 2.04 , 1.01 , 2.86 , 1.69 , 3.55 , 1.75 , 4.58 , 2.06 , 7.26 , 2.59 , 10.60 , 10.98 , 9.35 , 2.70 , 10.93 , 3.85 , 15.98 , 5.32 , 19.42 , 6.31 , 23.52 , 7.20 , 25.12 , 7.71 , 29.40 , 9.10 , 40.37 , 9.55 , 36.93 , 10.19 , 40.71 , 9.71 , 39.51 , 8.97 , 46.86 , 10.61 , 73.50 , 90.99 , 8.83 , 10.55 , 9.82 , 13.86 , 9.63 , 15.73 , 10.23 , 17.40 , 10.57 , 18.28 , 10.97 , 18.95 , 12.60 , 22.52 , 13.39 , 20.85 , 14.08 , 19.70 , 14.80 , 19.67 , 14.92 , 19.57 , 15.85 , 19.54 , 145.69 , 216.62 , 12.77 , 13.71 , 16.54 , 21.79 , 17.64 , 29.70 , 20.16 , 37.07 , 21.21 , 37.82 , 23.19 , 39.21 , 23.72 , 39.61 , 23.93 , 37.13 , 26.22 , 38.99 , 27.24 , 40.52 , 28.23 , 42.22 , 35.24 , 51.96 , 276.08 , 429.74 , 35.13 , 52.02 , 39.22 , 62.70 , 45.47 , 79.35 , 51.13 , 96.13 , 58.88 , 103.07 , 59.55 , 120.27 , 60.62 , 105.30 , 59.49 , 102.23 , 62.14 , 103.38 , 471.65 , 824.46 
9,UPI - Unified Payments Interface,,,,, 0.0004 , 0.00001 , 0.001 , 0.00001 , 0.001 , 0.00001 , 0.09 , 0.004 , 0.09 , 0.03 , 0.08 , 0.32 , 0.10 , 0.49 , 0.29 , 1.01 , 1.99 , 7.02 , 4.46 , 16.96 , 4.38 , 19.38 , 6.37 , 24.25 , 17.86 , 69.47 , 7.20 , 22.71 , 9.36 , 27.97 , 10.35 , 30.98 , 11.63 , 34.11 , 16.80 , 41.57 , 30.98 , 53.26 , 76.96 , 70.58 , 105.02 , 96.69 , 145.64 , 131.74 , 151.83 , 155.71 , 171.40 , 191.26 , 178.05 , 241.73 , 915.23 ," 1,098.32 ", 190.08 , 270.22 , 189.48 , 332.89 , 246.37 , 408.34 , 235.65 , 518.43 , 312.02 , 542.12 , 405.87 , 598.35 , 482.36 , 749.78 , 524.94 , 822.32 , 620.17 ," 1,025.95 ", 672.75 ," 1,099.32 ", 674.19 ," 1,067.37 ", 799.54 ," 1,334.60 "," 5,353.40 "," 8,769.70 ", 781.79 ," 1,420.34 ", 733.54 ," 1,524.49 ", 754.54 ," 1,465.66 ", 822.29 ," 1,463.87 ", 918.35 ," 1,545.05 ", 955.02 ," 1,614.57 "," 1,148.36 "," 1,913.60 "," 1,218.77 "," 1,892.29 "," 1,308.40 "," 2,025.21 "," 1,305.02 "," 2,162.43 "," 1,325.69 "," 2,225.17 "," 1,246.84 "," 2,064.62 "," 12,518.62 "," 21,317.30 ", 999.57 ," 1,511.41 "," 1,234.50 "," 2,183.92 "," 1,336.93 "," 2,618.35 "," 1,497.36 "," 2,905.38 "," 1,618.83 "," 2,983.08 "," 1,800.14 "," 3,290.28 "," 2,071.62 "," 3,861.07 "," 2,210.23 "," 3,909.99 "," 2,234.16 "," 4,161.76 "," 2,302.73 "," 4,311.82 "," 2,292.90 "," 4,250.63 "," 2,731.68 "," 5,048.86 "," 22,330.65 "," 41,036.54 "," 2,641.06 "," 4,936.64 "," 2,539.57 "," 4,906.39 "," 2,807.51 "," 5,473.73 "," 3,247.82 "," 6,062.81 "," 3,555.55 "," 6,391.17 "," 3,654.30 "," 6,543.52 "," 4,218.65 "," 7,714.45 "," 4,186.48 "," 7,684.36 "," 4,566.30 "," 8,268.48 "," 31,417.23 "," 57,981.55 "
9.1,BHIM,,,,,,,,,,,,,,,,,,,,, 0.04 , 0.02 , 1.72 , 3.56 , 1.97 , 6.23 , 2.46 , 8.23 , 6.19 , 18.04 , 3.19 , 10.02 , 3.98 , 13.07 , 4.62 , 14.87 , 5.43 , 16.00 , 6.81 , 18.99 , 7.60 , 22.45 , 7.63 , 23.49 , 8.19 , 25.49 , 9.07 , 30.83 , 9.57 , 36.47 , 9.88 , 40.11 , 11.95 , 48.40 , 87.91 , 300.18 , 12.60 , 49.73 , 14.16 , 57.48 , 16.34 , 62.61 , 16.42 , 66.93 , 16.50 , 68.73 , 16.33 , 70.65 , 18.27 , 82.06 , 17.35 , 79.82 , 17.06 , 75.89 , 13.98 , 62.03 , 12.83 , 56.24 , 14.92 , 64.17 , 186.78 , 796.34 , 15.15 , 65.84 , 15.77 , 66.27 , 15.49 , 62.02 , 16.01 , 61.22 , 16.89 , 61.32 , 17.18 , 59.24 , 16.96 , 63.40 , 15.76 , 58.53 , 17.82 , 63.16 , 18.54 , 66.11 , 18.40 , 65.24 , 17.05 , 60.49 , 201.03 , 752.85 , 11.17 , 40.29 , 13.70 , 54.89 , 14.68 , 60.47 , 16.02 , 63.96 , 16.65 , 62.42 , 17.54 , 63.81 , 20.04 , 69.69 , 19.49 , 66.68 , 20.19 , 67.93 , 18.89 , 63.57 , 16.61 , 54.99 , 19.71 , 64.97 , 204.71 , 733.68 , 22.16 , 68.72 , 20.92 , 67.60 , 22.74 , 73.04 , 23.65 , 74.27 , 26.21 , 80.47 , 25.25 , 75.23 , 27.16 , 84.97 , 25.13 , 82.22 , 27.01 , 88.16 , 220.23 , 694.67 
9.2,USSD 2.0,,,,,,,,,,,,,,,,,,,,, 0.03 , 0.02 , 0.31 , 0.37 , 0.22 , 0.36 , 0.21 , 0.34 , 0.77 , 1.09 , 0.19 , 0.30 , 0.19 , 0.32 , 0.20 , 0.31 , 0.19 , 0.30 , 0.19 , 0.29 , 0.20 , 0.32 , 0.18 , 0.30 , 0.18 , 0.29 , 0.18 , 0.30 , 0.17 , 0.29 , 0.16 , 0.27 , 0.17 , 0.28 , 2.21 , 3.58 , 0.14 , 0.26 , 0.14 , 0.24 , 0.14 , 0.24 , 0.14 , 0.24 , 0.13 , 0.23 , 0.13 , 0.23 , 0.12 , 0.23 , 0.11 , 0.20 , 0.12 , 0.21 , 0.12 , 0.21 , 0.11 , 0.19 , 0.11 , 0.20 , 1.51 , 2.67 , 0.10 , 0.19 , 0.10 , 0.18 , 0.10 , 0.17 , 0.09 , 0.16 , 0.08 , 0.15 , 0.08 , 0.14 , 0.09 , 0.16 , 0.07 , 0.13 , 0.08 , 0.14 , 0.08 , 0.14 , 0.07 , 0.12 , 0.07 , 0.12 , 1.01 , 1.79 , 0.07 , 0.11 , 0.07 , 0.14 , 0.08 , 0.15 , 0.09 , 0.15 , 0.09 , 0.15 , 0.09 , 0.14 , 0.10 , 0.16 , 0.09 , 0.15 , 0.09 , 0.14 , 0.09 , 0.15 , 0.08 , 0.13 , 0.09 , 0.15 , 1.04 , 1.72 , 0.10 , 0.15 , 0.10 , 0.16 , 0.10 , 0.16 , 0.11 , 0.16 , 0.11 , 0.17 , 0.11 , 0.16 , 0.11 , 0.16 , 0.10 , 0.15 , 0.11 , 0.16 , 0.96 , 1.44 
9.3,UPI excluding BHIM & USSD,,,,,,,,,,,,,,,,,,,,, 1.92 , 6.98 , 2.44 , 13.02 , 2.19 , 12.79 , 3.70 , 15.68 , 10.24 , 48.48 , 3.82 , 12.39 , 5.19 , 14.59 , 5.54 , 15.80 , 6.01 , 17.81 , 9.80 , 22.29 , 23.18 , 30.48 , 69.14 , 46.79 , 96.65 , 70.92 , 136.40 , 100.61 , 142.09 , 118.95 , 161.37 , 150.88 , 165.94 , 193.05 , 825.12 , 794.55 , 177.34 , 220.23 , 175.17 , 275.16 , 229.89 , 345.48 , 219.08 , 451.26 , 295.39 , 473.16 , 389.41 , 527.48 , 463.96 , 667.49 , 507.48 , 742.31 , 602.99 , 949.85 , 658.64 ," 1,037.09 ", 661.25 ," 1,010.94 ", 784.50 ," 1,270.23 "," 5,165.11 "," 7,970.69 ", 766.53 ," 1,354.32 ", 717.67 ," 1,458.04 ", 738.95 ," 1,403.47 ", 806.19 ," 1,402.49 ", 901.37 ," 1,483.58 ", 937.76 ," 1,555.19 "," 1,131.32 "," 1,850.04 "," 1,202.93 "," 1,833.63 "," 1,290.50 "," 1,961.91 "," 1,286.40 "," 2,096.18 "," 1,307.23 "," 2,159.80 "," 1,229.72 "," 2,004.01 "," 12,316.58 "," 20,562.66 ", 988.34 ," 1,471.00 "," 1,220.72 "," 2,128.89 "," 1,322.16 "," 2,557.73 "," 1,481.24 "," 2,841.27 "," 1,602.08 "," 2,920.50 "," 1,782.51 "," 3,226.32 "," 2,051.48 "," 3,791.22 "," 2,190.65 "," 3,843.16 "," 2,213.88 "," 4,093.69 "," 2,283.75 "," 4,248.10 "," 2,276.21 "," 4,195.50 "," 2,711.88 "," 4,983.74 "," 22,124.90 "," 40,301.14 "," 2,623.16 "," 4,876.91 "," 2,523.24 "," 4,848.76 "," 2,789.85 "," 5,413.46 "," 3,229.05 "," 6,001.28 "," 3,529.22 "," 6,310.53 "," 3,628.93 "," 6,468.13 "," 4,191.37 "," 7,629.31 "," 4,161.25 "," 7,601.99 "," 4,539.18 "," 8,180.17 "," 31,215.25 "," 57,330.53 "
10,USSD 1.0,,,,, 1.26 , 0.01 , 2.08 , 0.01 , 2.02 , 0.01 , 2.20 , 0.00 , 2.34 , 0.00 , 3.07 , 0.00 , 3.52 , 0.00 , 5.92 , 0.01 , 15.27 , 0.09 , 1.56 , 0.01 , 0.78 , 0.001 , 0.98 , 0.0005 , 40.99 , 0.14 , 0.88 , 0.0003 , 1.06 , 0.0003 , 1.15 , 0.0001 , 1.55 , 0.0002 , -   , -   , -   , -   , -   , -   , -   , -   , -   , -   , -   , -   , -   , -   , -   , -   , 4.64 , 0.00 , -   , -   , -   , -   , -   , -   , -   , -   , -   , -   , -   , -   , -   , -   , -   , -   , -   , -   , -   , -   ,,,,, -   , -   , -   , -   , -   , -   , -   , -   , -   , -   , -   , -   , -   , -   , -   , -   , -   , -   , -   , -   , -   , -   , -   , -   , -   , -   , -   , -   , -   , -   , -   , -   , -   , -   , -   , -   , -   , -   , -   , -   , -   , -   , -   , -   , -   , -   , -   , -   , -   , -   , -   , -   , -   , -   , -   , -   , -   , -   , -   , -   , -   , -   , -   , -   , -   , -   , -   , -   , -   , -   , -   , -   , -   , -   
11,NETC ,,,,,,,,,,,,,,,,,,,,, 3.19 , 0.88 , 6.28 , 1.79 , 6.55 , 1.84 , 7.50 , 2.09 , 23.52 , 6.61 , 7.41 , 2.11 , 8.07 , 2.25 , 8.21 , 2.26 , 8.64 , 2.34 , 9.66 , 2.58 , 10.14 , 2.75 , 9.79 , 2.63 , 10.70 , 2.85 , 12.29 , 3.20 , 12.93 , 3.28 , 13.23 , 3.34 , 15.45 , 3.81 , 126.52 , 33.39 , 15.93 , 3.91 , 17.72 , 4.23 , 18.28 , 4.29 , 18.44 , 4.17 , 20.32 , 4.63 , 20.63 , 4.70 , 22.25 , 5.02 , 21.23 , 4.51 , 24.20 , 5.35 , 24.45 , 5.33 , 23.85 , 5.27 , 26.73 , 5.96 , 254.03 , 57.38 , 25.98 , 5.85 , 27.52 , 6.16 , 26.61 , 5.96 , 27.26 , 6.09 , 27.78 , 6.11 , 29.01 , 6.59 , 31.46 , 7.03 , 34.92 , 7.74 , 64.33 , 12.57 , 93.02 , 16.23 , 110.13 , 18.41 , 84.55 , 14.21 , 582.59 , 112.94 , 10.26 , 2.48 , 55.17 , 11.42 , 81.92 , 15.12 , 86.62 , 16.23 , 96.83 , 17.13 , 110.08 , 19.41 , 122.36 , 21.37 , 124.88 , 21.02 , 138.41 , 23.04 , 148.56 , 23.98 , 158.96 , 25.56 , 193.21 , 30.86 ," 1,327.28 ", 227.62 , 164.33 , 27.77 , 116.48 , 21.25 , 157.86 , 25.76 , 192.33 , 29.76 , 201.20 , 30.77 , 193.61 , 30.09 , 214.23 , 33.57 , 214.13 , 31.77 , 242.07 , 36.79 ," 1,696.25 ", 267.54 
,Total Financial Txn (A)," 3,709.46 "," 76,111.29 "," 5,406.41 "," 85,271.12 ", 542.34 ," 7,974.24 ", 535.07 ," 7,494.91 ", 540.49 ," 7,442.24 ", 574.68 ," 7,532.48 ", 545.44 ," 7,728.81 ", 547.08 ," 7,536.41 ", 598.52 ," 8,158.28 ", 536.16 ," 6,960.11 ", 722.81 ," 8,443.60 ", 673.00 ," 8,593.46 ", 618.19 ," 8,140.80 ", 704.66 ," 10,620.71 "," 7,138.40 "," 96,626.07 ", 701.62 ," 9,610.21 ", 698.28 ," 9,188.06 ", 693.15 ," 8,894.97 ", 714.33 ," 8,836.98 ", 738.69 ," 8,772.94 ", 743.36 ," 8,825.12 ", 827.68 ," 9,302.02 ", 867.13 ," 9,555.49 ", 935.93 ," 9,560.52 ", 958.85 ," 9,827.69 ", 955.82 ," 9,629.56 "," 1,037.77 "," 11,549.74 "," 9,857.60 "," 1,13,552.77 "," 1,089.28 "," 10,993.85 "," 1,091.08 "," 10,793.12 "," 1,160.80 "," 11,055.15 "," 1,191.08 "," 10,833.54 "," 1,268.48 "," 10,836.84 "," 1,334.91 "," 10,449.46 "," 1,499.42 "," 11,888.67 "," 1,510.72 "," 11,113.91 "," 1,647.83 "," 11,684.64 "," 1,673.42 "," 11,889.32 "," 1,667.77 "," 11,450.65 "," 1,936.05 "," 13,730.32 "," 16,806.26 "," 1,36,719.25 "," 1,907.05 "," 13,303.82 "," 1,812.98 "," 13,662.55 "," 1,793.89 "," 12,239.00 "," 1,911.46 "," 12,943.08 "," 2,053.02 "," 12,723.51 "," 2,052.22 "," 12,160.64 "," 2,413.37 "," 14,249.82 "," 2,356.28 "," 13,216.31 "," 2,526.81 "," 13,633.10 "," 2,668.35 "," 14,123.21 "," 2,594.14 "," 15,487.68 "," 2,403.68 "," 13,181.34 "," 26,493.26 "," 1,60,924.07 "," 2,037.00 "," 6,710.87 "," 2,203.97 "," 9,644.19 "," 2,486.76 "," 11,938.89 "," 2,611.00 "," 12,422.46 "," 2,872.38 "," 12,596.99 "," 3,047.85 "," 13,546.17 "," 3,393.35 "," 15,205.02 "," 3,550.62 "," 15,047.32 "," 3,697.93 "," 16,909.48 "," 3,727.62 "," 16,211.90 "," 3,584.41 "," 15,401.02 "," 4,300.55 "," 19,903.84 "," 37,513.45 "," 1,65,538.15 "," 3,971.51 "," 16,931.03 "," 3,815.38 "," 14,095.25 "," 4,156.73 "," 15,197.91 "," 4,690.16 "," 18,028.69 "," 5,165.59 "," 18,578.52 "," 5,156.11 "," 18,921.90 "," 5,923.85 "," 21,274.64 "," 5,796.63 "," 20,366.19 "," 6,275.19 "," 22,592.05 "," 44,951.14 "," 1,65,986.17 "
,Non Financial:,,,,,,,,,,,,,,,,,,,,,,,,,,,,,,,,,,,,,,,,,,,,,,,,,,,,,,,,,,,,,,,,,,,,,,,,,,,,,,,,,,,,,,,,,,,,,,,,,,,,,,,,,,,,,,,,,,,,,,,,,,,,,,,,,,,,,,,,,,,,,,,,,,,,,,,,,,
,NPCI Operated Systems,F.Y-2014-15,,F.Y-2015-16,,Apr'16,,May'16,,June'16,,July'16,,August'16,,September'16,,October'16,,November'16,,December'16,,January'17,,February'17,,March'17,,F.Y-2016-17 (Apr'16 to Feb'17),,Apr'17,,May'17,,Jun'17,,Jul'17,,Aug'17,,Sep'17,,Oct'17,,Nov'17,,Dec'17,,Jan'18,,Feb'18,,Mar'18,,F.Y-2016-17 (Apr'17 to Mar'18),,Apr'18,,May'18,,June'18,,July'18,,Aug'18,,Sep'18,,Oct'18,,Nov'18,,Dec'18,,Jan'19,,Feb'19,,Mar'19,,F.Y-2018-19,,Apr'19,,May'19,,Jun'19,,Jul'19,,Aug'19,,Sep'19,,Oct'19,,Nov'19,,Dec'19,,Jan'20,,Feb'20,,Mar'20,,F.Y-2019-20,,Apr'20,,May'20,,Jun'20,,Jul'20,,Aug'20,,Sep'20,,Oct'20,,Nov'20,,Dec'20,,Jan'21,,Feb'21,,Mar'21,,F.Y-2020-21,,Apr'21,,May'21,,Jun'21,,Jul'21,,Aug'21,,Sep'21,,Oct'21,,Nov'21,,Dec'21,,F.Y-2021-22,
,,Volume (in Mn),Value (in Bn),Volume (in Mn),Value (in Bn),Volume (in Mn),Value (in Bn),Volume (in Mn),Value (in Bn),Volume (in Mn),Value (in Bn),Volume (in Mn),Value (in Bn),Volume (in Mn),Value (in Bn),Volume (in Mn),Value (in Bn),Volume (in Mn),Value (in Bn),Volume (in Mn),Value (in Bn),Volume (in Mn),Value (in Bn),Volume (in Mn),Value (in Bn),Volume (in Mn),Value (in Bn),Volume (in Mn),Value (in Bn),Volume (in Mn),Value (in Bn),Volume (in Mn),Value (in Bn),Volume (in Mn),Value (in Bn),Volume (in Mn),Value (in Bn),Volume (in Mn),Value (in Bn),Volume (in Mn),Value (in Bn),Volume (in Mn),Value (in Bn),Volume (in Mn),Value (in Bn),Volume (in Mn),Value (in Bn),Volume (in Mn),Value (in Bn),Volume (in Mn),Value (in Bn),Volume (in Mn),Value (in Bn),Volume (in Mn),Value (in Bn),Volume (in Mn),Value (in Bn),Volume (in Mn),Value (in Bn),Volume (in Mn),Value (in Bn),Volume (in Mn),Value (in Bn),Volume (in Mn),Value (in Bn),Volume (in Mn),Value (in Bn),Volume (in Mn),Value (in Bn),Volume (in Mn),Value (in Bn),Volume (in Mn),Value (in Bn),Volume (in Mn),Value (in Bn),Volume (in Mn),Value (in Bn),Volume (in Mn),Value (in Bn),Volume (in Mn),Value (in Bn),Volume (in Mn),Value (in Bn),Volume (in Mn),Value (in Bn),Volume (in Mn),Value (in Bn),Volume (in Mn),Value (in Bn),Volume (in Mn),Value (in Bn),Volume (in Mn),Value (in Bn),Volume (in Mn),Value (in Bn),Volume (in Mn),Value (in Bn),Volume (in Mn),Value (in Bn),Volume (in Mn),Value (in Bn),Volume (in Mn),Value (in Bn),Volume (in Mn),Value (in Bn),Volume (in Mn),Value (in Bn),Volume (in Mn),Value (in Bn),Volume (in Mn),Value (in Bn),Volume (in Mn),Value (in Bn),Volume (in Mn),Value (in Bn),Volume (in Mn),Value (in Bn),Volume (in Mn),Value (in Bn),Volume (in Mn),Value (in Bn),Volume (in Mn),Value (in Bn),Volume (in Mn),Value (in Bn),Volume (in Mn),Value (in Bn),Volume (in Mn),Value (in Bn),Volume (in Mn),Value (in Bn),Volume (in Mn),Value (in Bn),Volume (in Mn),Value (in Bn),Volume (in Mn),Value (in Bn),Volume (in Mn),Value (in Bn),Volume (in Mn),Value (in Bn),Volume (in Mn),Value (in Bn),Volume (in Mn),Value (in Bn),Volume (in Mn),Value (in Bn),Volume (in Mn),Value (in Bn),Volume (in Mn),Value (in Bn),Volume (in Mn),Value (in Bn),Volume (in Mn),Value (in Bn)
12,"NFS Txn over ATM (e.g. Balance inquiery, Pin change, Mini Statement, etc.)", 693.97 , -   , 863.00 , -   , 81.95 , -   , 78.52 , -   , 77.87 , -   , 81.98 , -   , 83.24 , -   , 82.76 , -   , 92.25 ,, 66.49 ,, 95.19 ,, 125.48 ,, 117.55 ,, 118.73 ,," 1,102.02 ", -   , 111.29 ,, 106.28 ,, 101.73 ,, 104.49 ,, 105.37 ,, 105.46 ,, 107.96 ,, 101.96 ,, 108.83 ,, 107.18 ,, 102.75 ,, 110.06 ,," 1,273.35 ", -   , 109.62 ,, 102.79 ,, 101.82 ,, 103.72 ,, 105.85 ,, 105.08 ,, 111.53 ,, 104.60 ,, 105.82 ,, 98.12 ,, 93.87 ,, 103.78 ,," 1,246.60 ", -   , 96.66 ,, 93.78 ,, 93.11 ,, 95.75 ,, 97.65 ,, 93.13 ,, 102.50 ,, 89.21 ,, 90.27 ,, 94.86 ,, 89.54 ,, 80.53 ,," 1,117.00 ", -   , 76.80 ,, 80.11 ,, 78.84 ,, 74.18 ,, 78.30 ,, 73.88 ,, 79.43 ,, 77.99 ,, 82.54 ,, 81.55 ,, 71.40 ,, 77.10 ,, 932.12 , -   , 69.17 ,, 57.47 ,, 61.66 ,, 66.44 ,, 70.70 ,, 66.07 ,, 71.21 ,, 66.36 ,, 70.43 ,, 599.50 , -   
13,AEPS (Inter Bank) Txn over Micro ATM (e.g. Balance inquiry/ Mini statement etc.), - , -   , 0.33 , -   , 0.07 , -   , 0.14 , -   , 0.21 , -   , 0.30 , -   , 0.35 , -   , 0.44 , -   , 0.57 ,, 0.43 ,, 1.10 ,, 1.60 ,, 1.94 ,, 2.39 ,, 9.55 , -   , 3.29 ,, 4.51 ,, 5.25 ,, 6.00 ,, 6.86 ,, 8.06 ,, 8.94 ,, 8.79 ,, 8.51 ,, 10.34 ,, 11.85 ,, 12.71 ,, 95.10 , -   , 15.22 ,, 15.98 ,, 17.93 ,, 21.02 ,, 21.83 ,, 21.90 ,, 25.28 ,, 22.39 ,, 22.95 ,, 24.89 ,, 26.61 ,, 33.57 ,, 269.56 , -   , 34.42 ,, 31.82 ,, 34.89 ,, 40.88 ,, 43.19 ,, 33.07 ,, 31.20 ,, 25.69 ,, 23.92 ,, 31.77 ,, 30.20 ,, 26.42 ,, 387.47 , -   , 101.57 ,, 118.89 ,, 114.17 ,, 86.41 ,, 85.36 ,, 72.18 ,, 66.38 ,, 59.60 ,, 68.42 ,, 78.01 ,, 70.48 ,, 77.61 ,, 999.09 , -   , 68.96 ,, 84.03 ,, 91.21 ,, 91.75 ,, 109.20 ,, 87.47 ,, 99.93 ,, 103.38 ,, 113.67 ,, 849.61 , -   
14,AEPS (Intra Bank) UIDAI Authentication over Micro ATM, - , -   , 94.30 , -   , 12.18 , -   , 16.81 , -   , 19.73 , -   , 22.27 , -   , 22.10 , -   , 22.59 , -   , 24.31 ,, 25.77 ,, 34.26 ,, 38.89 ,, 35.75 ,, 44.21 ,, 318.88 , -   , 47.10 ,, 56.69 ,, 63.64 ,, 64.08 ,, 66.93 ,, 65.96 ,, 63.51 ,, 65.48 ,, 68.46 ,, 71.17 ,, 74.62 ,, 73.54 ,, 781.17 , -   , 83.92 ,, 85.21 ,, 89.00 ,, 92.32 ,, 98.15 ,, 95.21 ,, 102.42 ,, 92.38 ,, 96.94 ,, 106.41 ,, 106.83 ,, 121.31 ,," 1,170.08 ", -   , 121.30 ,, 118.43 ,, 116.61 ,, 128.53 ,, 124.84 ,, 123.07 ,, 137.18 ,, 124.78 ,, 122.60 ,, 141.49 ,, 135.62 ,, 110.97 ,," 1,505.43 ", -   , 212.08 ,, 184.77 ,, 182.59 ,, 165.70 ,, 161.31 ,, 152.63 ,, 150.02 ,, 136.96 ,, 152.76 ,, 158.32 ,, 143.04 ,, 158.51 ,," 1,958.70 ", -   , 133.97 ,, 124.63 ,, 154.73 ,, 164.17 ,, 183.02 ,, 165.81 ,, 162.56 ,, 161.06 ,, 167.81 ,," 1,417.75 ", -   
15,eKYC Verification (Successful Txn), - , -   , 12.63 , -   , 0.74 , -   , 1.13 , -   , 1.54 , -   , 3.04 , -   , 3.13 , -   , 3.50 , -   , 3.11 ,, 3.79 ,, 8.43 ,, 7.26 ,, 5.31 ,, 6.58 ,, 47.55 , -   , 6.07 ,, 9.12 ,, 12.61 ,, 18.70 ,, 13.23 ,, 14.34 ,, 11.50 ,, 12.94 ,, 13.35 ,, 12.33 ,, 14.10 ,, 17.66 ,, 155.95 , -   , 13.65 ,, 14.19 ,, 16.20 ,, 20.68 ,, 21.29 ,, 19.89 ,, 12.68 ,, 6.00 ,, 6.44 ,, 7.32 ,, 7.63 ,, 6.77 ,, 152.74 , -   , 4.89 ,, 5.25 ,, 6.78 ,, 9.71 ,, 8.80 ,, 8.01 ,, 6.94 ,, 8.26 ,, 7.84 ,, 8.17 ,, 8.55 ,, 6.36 ,, 89.56 , -   , 5.46 ,, 11.65 ,, 12.19 ,, 11.55 ,, 11.74 ,, 14.90 ,, 13.33 ,, 10.91 ,, 13.77 ,, 14.98 ,, 14.99 ,, 15.18 ,, 150.67 , -   , 10.65 ,, 8.28 ,, 14.70 ,, 19.13 ,, 22.11 ,, 23.42 ,, 22.63 ,, 21.28 ,, 25.49 ,, 167.68 , -   
16,Demographic Queries(Authenticated UID), - , -   , 12.98 , -   , 1.60 , -   , 1.51 , -   , 0.83 , -   , 0.73 , -   , 1.28 , -   , 1.85 , -   , 2.27 ,, 2.81 ,, 3.90 ,, 3.71 ,, 4.02 ,, 7.17 ,, 31.68 , -   , 5.88 ,, 8.46 ,, 6.14 ,, 6.71 ,, 40.90 ,, 229.79 ,, 107.67 ,, 96.27 ,, 45.95 ,, 31.90 ,, 26.02 ,, 33.33 ,, 639.02 , -   , 16.11 ,, 16.21 ,, 14.01 ,, 15.71 ,, 15.77 ,, 14.43 ,, 10.90 ,, 8.82 ,, 8.55 ,, 5.72 ,, 5.65 ,, 4.45 ,, 136.33 , -   , 3.30 ,, 2.40 ,, 2.46 ,, 3.70 ,, 2.62 ,, 2.42 ,, 3.09 ,, 3.39 ,, 2.85 ,, 2.95 ,, 2.68 ,, 2.62 ,, 34.47 , -   , 2.72 ,, 3.03 ,, 2.84 ,, 3.69 ,, 3.94 ,, 3.17 ,, 4.31 ,, 2.71 ,, 3.13 ,, 3.00 ,, 3.21 ,, 3.32 ,, 39.07 , -   , 2.44 ,, 2.33 ,, 3.98 ,, 17.24 ,, 14.38 ,, 7.85 ,, 4.31 ,, 4.27 ,, 5.33 ,, 62.12 , -   
17,AEPS Tokenization, -   , -   , -   , -   ,,,,,,,,,,,,,,,,,,,,,,,,, -   , -   ,,,,,,,,,,,,,,,,,,,,,,,,, -   , -   ,,,,,,,,,,,,,,,,,,,,,,,,, -   , -   , 20.88 ,, 191.97 ,, 247.17 ,, 283.44 ,, 126.68 ,, 189.64 ,, 51.13 ,, 38.54 ,, 49.58 ,, 34.09 ,, 10.34 ,, 9.69 ,," 1,253.15 ", -   , 8.74 ,, 14.96 ,, 15.46 ,, 14.06 ,, 11.45 ,, 45.76 ,, 13.82 ,, 28.61 ,, 15.73 ,, 54.41 ,, 15.16 ,, 7.93 ,, 246.09 , -   , 4.06 ,, 6.13 ,, 4.08 ,, 7.60 ,, 6.17 ,, 9.20 ,, 6.29 ,, 4.06 ,, 5.58 ,, 53.15 , -   
18,BBPS (Bill Fetch),,,,,,,,,,,,,,,,,,,,,,,,,,,,, 0.03 ,,,,,,,,,,,,,,,,,,,,,,,,,, 15.00 ,,,,,,,,,,,,,,,,,,,,,,,,,, 264.00 , -   , 38.54 ,, 44.96 ,, 55.23 ,, 67.84 ,, 53.96 ,, 54.62 ,, 69.43 ,, 66.87 ,, 74.92 ,, 82.27 ,, 82.32 ,, 87.11 ,, 778.09 , -   , 109.68 ,, 116.49 ,, 119.98 ,, 124.35 ,, 118.93 ,, 116.42 ,, 118.60 ,, 121.59 ,, 132.73 ,, 150.25 ,, 150.41 ,, 165.39 ,," 1,544.82 ", -   , 194.92 ,, 213.59 ,, 235.73 ,, 242.91 ,, 247.91 ,, 274.20 ,, 285.33 ,, 272.79 ,, 289.31 ,," 2,256.69 ", -   
26,QSAM,,,,,,,,,,,,,,,,,,,,,,,,,,,,,,,,,,,,,,, 0.95 ,, 1.08 ,, 0.81 ,, 1.39 ,, 1.72 ,, 1.62 ,, 0.09 ,, -   ,, 7.65 , -   , -   ,, -   ,, -   ,, -   ,, -   ,, -   ,, -   ,, -   ,, -   ,, -   ,,,,,, -   , -   ,,,,,,,,,,,,,,,,,,,,,,,,, -   , -   ,,,,,,,,,,,,,,,,,,,,,,,,, -   , -   ,,,,,,,,,,,,,,,,,,, -   , -   
,Total Non Financial Txn (B), 693.97 , -   , 983.25 , -   , 96.53 , -   , 98.11 , -   , 100.19 , -   , 108.32 , -   , 110.10 , -   , 111.14 , -   , 122.51 , -   , 99.30 , -   , 142.89 , -   , 176.94 , -   , 164.57 , -   , 179.09 , -   ," 1,509.71 ", -   , 173.63 , -   , 185.04 , -   , 189.37 , -   , 199.98 , -   , 233.29 , -   , 423.60 , -   , 299.58 , -   , 285.44 , -   , 245.10 , -   , 232.91 , -   , 229.34 , -   , 247.30 , -   ," 2,959.59 ", -   , 238.53 , -   , 234.38 , -   , 238.96 , -   , 253.44 , -   , 262.89 , -   , 256.51 , -   , 262.81 , -   , 234.19 , -   , 240.70 , -   , 242.46 , -   , 240.59 , -   , 269.87 , -   ," 3,239.31 ", -   , 319.99 , -   , 488.61 , -   , 556.26 , -   , 629.85 , -   , 457.74 , -   , 503.95 , -   , 401.46 , -   , 356.75 , -   , 371.99 , -   , 395.60 , -   , 359.27 , -   , 323.69 , -   ," 5,165.17 ", -   , 517.04 , -   , 529.90 , -   , 526.09 , -   , 479.95 , -   , 471.03 , -   , 478.95 , -   , 445.87 , -   , 438.38 , -   , 469.09 , -   , 540.52 , -   , 468.70 , -   , 505.03 , -   ," 5,870.55 ", -   , 484.16 , -   , 496.46 , -   , 566.08 , -   , 609.23 , -   , 653.49 , -   , 634.02 , -   , 652.27 , -   , 633.20 , -   , 677.60 , -   ," 5,406.50 ", -   
,,,,,,,,,,,,,,,,,,,,,,,,,,,,,,,,,,,,,,,,,,,,,,,,,,,,,,,,,,,,,,,,,,,,,,,,,,,,,,,,,,,,,,,,,,,,,,,,,,,,,,,,,,,,,,,,,,,,,,,,,,,,,,,,,,,,,,,,,,,,,,,,,,,,,,,,,,,
,Total Financial + Non Financial (A+B)," 4,403.44 "," 76,111.29 "," 6,389.66 "," 85,271.12 ", 638.87 ," 7,974.24 ", 633.18 ," 7,494.91 ", 640.68 ," 7,442.24 ", 683.01 ," 7,532.48 ", 655.53 ," 7,728.81 ", 658.22 ," 7,536.41 ", 721.02 ," 8,158.28 ", 635.45 ," 6,960.11 ", 865.70 ," 8,443.60 ", 849.93 ," 8,593.46 ", 782.76 ," 8,140.80 ", 883.74 ," 10,620.71 "," 8,648.10 "," 96,626.07 ", 875.25 ," 9,610.21 ", 883.33 ," 9,188.06 ", 882.52 ," 8,894.97 ", 914.30 ," 8,836.98 ", 971.99 ," 8,772.94 "," 1,166.97 "," 8,825.12 "," 1,127.25 "," 9,302.02 "," 1,152.57 "," 9,555.49 "," 1,181.04 "," 9,560.52 "," 1,191.76 "," 9,827.69 "," 1,185.16 "," 9,629.56 "," 1,285.07 "," 11,549.74 "," 12,817.18 "," 1,13,552.77 "," 1,327.81 "," 10,993.85 "," 1,325.45 "," 10,793.12 "," 1,399.76 "," 11,055.15 "," 1,444.52 "," 10,833.54 "," 1,531.37 "," 10,836.84 "," 1,591.43 "," 10,449.46 "," 1,762.23 "," 11,888.67 "," 1,744.90 "," 11,113.91 "," 1,888.53 "," 11,684.64 "," 1,915.87 "," 11,889.32 "," 1,908.36 "," 11,450.65 "," 2,205.92 "," 13,730.32 "," 20,045.57 "," 1,36,719.25 "," 2,227.04 "," 13,303.82 "," 2,301.60 "," 13,662.55 "," 2,350.14 "," 12,239.00 "," 2,541.31 "," 12,943.08 "," 2,510.76 "," 12,723.51 "," 2,556.18 "," 12,160.64 "," 2,814.83 "," 14,249.82 "," 2,713.03 "," 13,216.31 "," 2,898.80 "," 13,633.10 "," 3,063.95 "," 14,123.21 "," 2,953.41 "," 15,487.68 "," 2,727.37 "," 13,181.34 "," 31,658.43 "," 1,60,924.07 "," 2,554.04 "," 6,710.87 "," 2,733.87 "," 9,644.19 "," 3,012.85 "," 11,938.89 "," 3,090.96 "," 12,422.46 "," 3,343.41 "," 12,596.99 "," 3,526.80 "," 13,546.17 "," 3,839.22 "," 15,205.02 "," 3,989.00 "," 15,047.32 "," 4,167.03 "," 16,909.48 "," 4,268.15 "," 16,211.90 "," 4,053.11 "," 15,401.02 "," 4,805.57 "," 19,903.84 "," 43,383.99 "," 1,65,538.15 "," 4,455.67 "," 16,931.03 "," 4,311.83 "," 14,095.25 "," 4,722.81 "," 15,197.91 "," 5,299.39 "," 18,028.69 "," 5,819.08 "," 18,578.52 "," 5,790.13 "," 18,921.90 "," 6,576.11 "," 21,274.64 "," 6,429.82 "," 20,366.19 "," 6,952.79 "," 22,592.05 "," 50,357.63 "," 1,65,986.17 "
,,,,,,,,,,,,,,,,,,,,,,,,,,,,,,,,,,,,,,,,,,,,,,,,,,,,,,,,,,,,,,,,,,,,,,,,,,,,,,,,,,,,,,,,,,,,,,,,,,,,,,,,,,,,,,,,,,,,,,,,,,,,,,,,,,,,,,,,,,,,,,,,,,,,,,,,,,,
,* NFS - ATM Cash Withdrawal - includes card+PIN transactions on micro-ATMs and does not include Card to Card Fund transfer transactions.,,,,,,,,,,,,,,,,,,,,,,,,,,,,,,,,,,,,,,,,,,,,,,,,,,,,,,,,,,,,,,,,,,,,,,,,,,,,,,,,,,,,,,,,,,,,,,,,,,,,,,,,,,,,,,,,,,,,,,,,,,,,,,,,,,,,,,,,,,,,,,,,,,,,,,,,,,
,,,,,,,,,,,,,,,,,,,,,,,,,,,,,,,,,,,,,,,,,,,,,,,,,,,,,,,,,,,,,,,,,,,,,,,,,,,,,,,,,,,,,,,,,,,,,,,,,,,,,,,,,,,,,,,,,,,,,,,,,,,,,,,,,,,,,,,,,,,,,,,,,,,,,,,,,,,
,,,,,,,,,,,,,,,,,,,,,,,,,,,,,,,,,,,,,,,,,,,,,,,,,,,,,,,,,,,,,,,,,,,,,,,,,,,,,,,,,,,,,,,,,,,,,,,,,,,,,,,,,,,,,,,,,,,,,,,,,,,,,,,,,,,,,,,,,,,,,,,,,,,,,,,,,,,
,,,,,,,,,,,,,,,,,,,,,,,,,,,,,,,,,,,,,,,,,,,,,,,,,,,,,,,,,,,,,,,,,,,,,,,,,,,,,,,,,,,,,,,,,,,,,,,,,,,,,,,,,,,,,,,,,,,,,,,,,,,,,,,,,,,,,,,,,,,,,,,,,,,,,,,,,,,
,,,,,,,,,,,,,,,,,,,,,,,,,,,,,,,,,,,,,,,,,,,,,,,,,,,,,,,,,,,,,,,,,,,,,,,,,,,,,,,,,,,,,,,,,,,,,,,,,,,,,,,,,,,,,,,,,,,,,,,,,,,,,,,,,,,,,,,,,,,,,,,,,,,,,,,,,,,
